{"/*":["X-Frame-Options: DENY","X-XSS-Protection: 1; mode=block","X-Content-Type-Options: nosniff","Referrer-Policy: same-origin"],"/commons-59d108f71bd09c6ee393.js":["Cache-Control: public, max-age=31536000, immutable"],"/component---src-pages-404-jsx-4c2167cb4220ea5d5956.js":["Cache-Control: public, max-age=31536000, immutable"],"/styles.64781fd9c3231e697d27.css":["Cache-Control: public, max-age=31536000, immutable"],"/component---src-pages-index-jsx-42a20a080051c57a1db5.js":["Cache-Control: public, max-age=31536000, immutable"],"/webpack-runtime-4e49774797ad735aeefb.js":["Cache-Control: public, max-age=31536000, immutable"],"/framework-a71258511df4b73cc72c.js":["Cache-Control: public, max-age=31536000, immutable"],"/app-4f0b59ea2991c4a8f1c7.js":["Cache-Control: public, max-age=31536000, immutable"],"/static/*":["Cache-Control: public, max-age=31536000, immutable"],"/sw.js":["Cache-Control: public, max-age=0, must-revalidate"],"/404/":["Link: </webpack-runtime-4e49774797ad735aeefb.js>; rel=preload; as=script; nopush","Link: </framework-a71258511df4b73cc72c.js>; rel=preload; as=script; nopush","Link: </app-4f0b59ea2991c4a8f1c7.js>; rel=preload; as=script; nopush","Link: </commons-59d108f71bd09c6ee393.js>; rel=preload; as=script; nopush","Link: </component---src-pages-404-jsx-4c2167cb4220ea5d5956.js>; rel=preload; as=script; nopush","Link: </page-data/app-data.json>; rel=preload; as=fetch; crossorigin; nopush","Link: </page-data/404/page-data.json>; rel=preload; as=fetch; crossorigin; nopush"],"/404.html":["Link: </webpack-runtime-4e49774797ad735aeefb.js>; rel=preload; as=script; nopush","Link: </framework-a71258511df4b73cc72c.js>; rel=preload; as=script; nopush","Link: </app-4f0b59ea2991c4a8f1c7.js>; rel=preload; as=script; nopush","Link: </commons-59d108f71bd09c6ee393.js>; rel=preload; as=script; nopush","Link: </component---src-pages-404-jsx-4c2167cb4220ea5d5956.js>; rel=preload; as=script; nopush","Link: </page-data/app-data.json>; rel=preload; as=fetch; crossorigin; nopush","Link: </page-data/404.html/page-data.json>; rel=preload; as=fetch; crossorigin; nopush"],"/":["Link: </webpack-runtime-4e49774797ad735aeefb.js>; rel=preload; as=script; nopush","Link: </framework-a71258511df4b73cc72c.js>; rel=preload; as=script; nopush","Link: </app-4f0b59ea2991c4a8f1c7.js>; rel=preload; as=script; nopush","Link: </commons-59d108f71bd09c6ee393.js>; rel=preload; as=script; nopush","Link: </component---src-pages-index-jsx-42a20a080051c57a1db5.js>; rel=preload; as=script; nopush","Link: </page-data/app-data.json>; rel=preload; as=fetch; crossorigin; nopush","Link: </page-data/index/page-data.json>; rel=preload; as=fetch; crossorigin; nopush"]}