{"namedChunkGroups":{"polyfill":{"name":"polyfill","assets":[{"name":"webpack-runtime-4e49774797ad735aeefb.js","size":5012},{"name":"polyfill-ea100fe6f02bbc648246.js","size":82653}],"filteredAssets":0,"assetsSize":87665,"filteredAuxiliaryAssets":2,"auxiliaryAssetsSize":221543},"app":{"name":"app","assets":[{"name":"webpack-runtime-4e49774797ad735aeefb.js","size":5012},{"name":"framework-a71258511df4b73cc72c.js","size":129766},{"name":"app-4f0b59ea2991c4a8f1c7.js","size":65614}],"filteredAssets":0,"assetsSize":200392,"filteredAuxiliaryAssets":3,"auxiliaryAssetsSize":683020},"component---src-pages-404-jsx":{"name":"component---src-pages-404-jsx","assets":[{"name":"commons-59d108f71bd09c6ee393.js","size":15388},{"name":"component---src-pages-404-jsx-4c2167cb4220ea5d5956.js","size":1448}],"filteredAssets":0,"assetsSize":16836,"filteredAuxiliaryAssets":3,"auxiliaryAssetsSize":459911},"component---src-pages-index-jsx":{"name":"component---src-pages-index-jsx","assets":[{"name":"styles.64781fd9c3231e697d27.css","size":35080},{"name":"commons-59d108f71bd09c6ee393.js","size":15388},{"name":"component---src-pages-index-jsx-42a20a080051c57a1db5.js","size":176494}],"filteredAssets":0,"assetsSize":226962,"filteredAuxiliaryAssets":26,"auxiliaryAssetsSize":9557401}},"assetsByChunkName":{"polyfill":["webpack-runtime-4e49774797ad735aeefb.js","polyfill-ea100fe6f02bbc648246.js"],"app":["webpack-runtime-4e49774797ad735aeefb.js","framework-a71258511df4b73cc72c.js","app-4f0b59ea2991c4a8f1c7.js"],"component---src-pages-404-jsx":["commons-59d108f71bd09c6ee393.js","component---src-pages-404-jsx-4c2167cb4220ea5d5956.js"],"component---src-pages-index-jsx":["styles.64781fd9c3231e697d27.css","commons-59d108f71bd09c6ee393.js","component---src-pages-index-jsx-42a20a080051c57a1db5.js"]},"childAssetsByChunkName":{}}